sid,eid,year,aired,host
8,20,1982,"May 14, 1983",Ed Koch
8,19,1982,"May 7, 1983",Stevie Wonder
8,18,1982,"April 16, 1983",Susan Saint James
3,20,1977,"May 20, 1978",Buck Henry
3,19,1977,"May 13, 1978",Richard Dreyfuss
3,18,1977,"April 22, 1978",Steve Martin
3,17,1977,"April 15, 1978",Michael Sarrazin
3,16,1977,"April 8, 1978",Michael Palin
3,15,1977,"March 25, 1978",Christopher Lee
3,14,1977,"March 18, 1978",Jill Clayburgh
3,13,1977,"March 11, 1978",Art Garfunkel
3,12,1977,"February 25, 1978",O.J. Simpson
6,13,1980,"April 11, 1981",
6,12,1980,"March 7, 1981",Bill Murray
1,24,1975,"July 31, 1976",Kris Kristofferson
1,22,1975,"May 29, 1976",Elliott Gould
1,20,1975,"May 15, 1976",Dyan Cannon
1,19,1975,"May 8, 1976",Madeline Kahn
1,21,1975,"May 22, 1976",Buck Henry
1,23,1975,"July 24, 1976",Louise Lasser
1,17,1975,"April 17, 1976",Ron Nessen
1,18,1975,"April 24, 1976",Raquel Welch
1,16,1975,"March 13, 1976",Anthony Perkins
1,15,1975,"February 28, 1976",Jill Clayburgh
1,14,1975,"February 21, 1976",Desi Arnaz
1,13,1975,"February 14, 1976",Peter Boyle
1,12,1975,"January 31, 1976",Dick Cavett
1,11,1975,"January 24, 1976","['Peter Cook', 'Dudley Moore']"
1,10,1975,"January 17, 1976",Buck Henry
1,9,1975,"January 10, 1976",Elliott Gould
1,8,1975,"December 20, 1975",Candice Bergen
1,7,1975,"December 13, 1975",Richard Pryor
1,6,1975,"November 22, 1975",Lily Tomlin
1,5,1975,"November 15, 1975",Robert Klein
1,4,1975,"November 8, 1975",Candice Bergen
1,3,1975,"October 25, 1975",Rob Reiner
2,22,1976,"May 21, 1977",Buck Henry
1,2,1975,"October 18, 1975",Paul Simon
1,1,1975,"October 11, 1975",George Carlin
2,21,1976,"May 14, 1977",Shelley Duvall
2,20,1976,"April 23, 1977",Eric Idle
2,19,1976,"April 16, 1977",Elliott Gould
2,18,1976,"April 9, 1977",Julian Bond
2,17,1976,"March 26, 1977",Jack Burns
2,16,1976,"March 19, 1977",Broderick Crawford
2,15,1976,"March 12, 1977",Sissy Spacek
2,14,1976,"February 26, 1977",Steve Martin
2,13,1976,"January 29, 1977",Fran Tarkenton
2,12,1976,"January 22, 1977",Ruth Gordon
2,11,1976,"January 15, 1977",Ralph Nader
2,8,1976,"November 20, 1976",Paul Simon
2,7,1976,"November 13, 1976",Dick Cavett
2,9,1976,"November 27, 1976",Jodie Foster
2,10,1976,"December 11, 1976",Candice Bergen
2,6,1976,"October 30, 1976",Buck Henry
2,5,1976,"October 23, 1976",Steve Martin
2,4,1976,"October 16, 1976",Karen Black
2,3,1976,"October 2, 1976",Eric Idle
2,2,1976,"September 25, 1976",Norman Lear
2,1,1976,"September 18, 1976",Lily Tomlin
6,11,1980,"February 21, 1981",Charlene Tilton
6,10,1980,"February 14, 1981",Deborah Harry
6,9,1980,"February 7, 1981",Sally Kellerman
6,8,1980,"January 24, 1981",Robert Hays
6,5,1980,"December 20, 1980",David Carradine
6,7,1980,"January 17, 1981",Karen Black
6,6,1980,"January 10, 1981",Ray Sharkey
6,3,1980,"December 6, 1980",Ellen Burstyn
6,1,1980,"November 15, 1980",Elliott Gould
6,4,1980,"December 13, 1980",Jamie Lee Curtis
6,2,1980,"November 22, 1980",Malcolm McDowell
5,20,1979,"May 24, 1980",Buck Henry
5,18,1979,"May 10, 1980",Bob Newhart
5,19,1979,"May 17, 1980",Steve Martin
5,17,1979,"April 19, 1980",Strother Martin
5,16,1979,"April 12, 1980",Burt Reynolds
5,15,1979,"April 5, 1980","['Richard Benjamin', 'Paula Prentiss']"
5,14,1979,"March 15, 1980",
5,13,1979,"March 8, 1980",Rodney Dangerfield
5,12,1979,"February 23, 1980",Kirk Douglas
5,11,1979,"February 16, 1980",Elliott Gould
5,10,1979,"February 9, 1980",Chevy Chase
5,9,1979,"January 26, 1980",Teri Garr
5,8,1979,"December 22, 1979",Ted Knight
5,6,1979,"December 8, 1979",Howard Hesseman
5,5,1979,"November 17, 1979",Bea Arthur
5,7,1979,"December 15, 1979",Martin Sheen
5,4,1979,"November 10, 1979",Buck Henry
5,2,1979,"October 20, 1979",Eric Idle
5,3,1979,"November 3, 1979",Bill Russell
3,11,1977,"February 18, 1978",Chevy Chase
5,1,1979,"October 13, 1979",Steve Martin
3,10,1977,"January 28, 1978",Robert Klein
3,9,1977,"January 21, 1978",Steve Martin
3,8,1977,"December 17, 1977",Miskel Spillman
3,7,1977,"December 10, 1977",Mary Kay Place
3,6,1977,"November 19, 1977",Buck Henry
3,5,1977,"November 12, 1977",Ray Charles
3,4,1977,"October 29, 1977",Charles Grodin
3,3,1977,"October 15, 1977",Hugh Hefner
3,2,1977,"October 8, 1977",Madeline Kahn
3,1,1977,"September 24, 1977",Steve Martin
7,20,1981,"May 22, 1982",Olivia Newton-John
7,19,1981,"May 15, 1982",Danny DeVito
7,18,1981,"April 24, 1982",Robert Culp
7,17,1981,"April 17, 1982",Johnny Cash
7,16,1981,"April 10, 1982",Daniel J. Travanti
7,13,1981,"February 27, 1982",Elizabeth Ashley
7,15,1981,"March 27, 1982",Blythe Danner
7,14,1981,"March 20, 1982",Robert Urich
7,12,1981,"February 20, 1982",Bruce Dern
7,9,1981,"January 23, 1982",Robert Conrad
7,11,1981,"February 6, 1982",James Coburn
7,10,1981,"January 30, 1982",John Madden
7,8,1981,"December 12, 1981",Bill Murray
7,6,1981,"November 14, 1981",Bernadette Peters
4,20,1978,"May 26, 1979",Buck Henry
7,7,1981,"December 5, 1981",Tim Curry
4,18,1978,"May 12, 1979",Michael Palin
4,19,1978,"May 19, 1979",Maureen Stapleton
4,17,1978,"April 14, 1979",Milton Berle
4,16,1978,"April 7, 1979",Richard Benjamin
4,15,1978,"March 17, 1979",Margot Kidder
7,5,1981,"November 7, 1981",Lauren Hutton
7,4,1981,"October 31, 1981",Donald Pleasence
7,3,1981,"October 17, 1981",George Kennedy
7,2,1981,"October 10, 1981",Susan Saint James
7,1,1981,"October 3, 1981",
4,14,1978,"March 10, 1979",Gary Busey
4,12,1978,"February 17, 1979",Rick Nelson
4,11,1978,"February 10, 1979",Cicely Tyson
4,13,1978,"February 24, 1979",Kate Jackson
4,9,1978,"December 16, 1978",Elliott Gould
4,10,1978,"January 27, 1979",Michael Palin
4,7,1978,"December 2, 1978",Walter Matthau
4,8,1978,"December 9, 1978",Eric Idle
4,6,1978,"November 18, 1978",Carrie Fisher
4,5,1978,"November 11, 1978",Buck Henry
4,4,1978,"November 4, 1978",Steve Martin
4,3,1978,"October 21, 1978",Frank Zappa
4,2,1978,"October 14, 1978",Fred Willard
4,1,1978,"October 7, 1978",The Rolling Stones
8,17,1982,"April 9, 1983",Joan Rivers
8,16,1982,"March 19, 1983",Robert Guillaume
8,14,1982,"February 26, 1983","['Beau Bridges', 'Jeff Bridges']"
8,10,1982,"January 22, 1983",Lily Tomlin
8,11,1982,"January 29, 1983","['Rick Moranis', 'Dave Thomas']"
8,12,1982,"February 5, 1983",Sid Caesar
8,13,1982,"February 19, 1983",Howard Hesseman
8,15,1982,"March 12, 1983",Bruce Dern
8,8,1982,"December 4, 1982","['Tom Smothers', 'Dick Smothers']"
8,9,1982,"December 11, 1982",Eddie Murphy
8,7,1982,"November 20, 1982",Drew Barrymore
8,6,1982,"November 13, 1982",Robert Blake
8,5,1982,"October 30, 1982",Michael Keaton
8,4,1982,"October 23, 1982",Howard Hesseman
8,3,1982,"October 9, 1982",Ron Howard
8,2,1982,"October 2, 1982",Louis Gossett Jr.
8,1,1982,"September 25, 1982",Chevy Chase
42,19,2016,"May 6, 2017",Chris Pine
42,21,2016,"May 20, 2017",Dwayne Johnson
42,14,2016,"February 11, 2017",Alec Baldwin
42,18,2016,"April 15, 2017",Jimmy Fallon
42,15,2016,"March 4, 2017",Octavia Spencer
42,17,2016,"April 8, 2017",Louis C.K.
42,16,2016,"March 11, 2017",Scarlett Johansson
42,20,2016,"May 13, 2017",Melissa McCarthy
42,13,2016,"February 4, 2017",Kristen Stewart
42,12,2016,"January 21, 2017",Aziz Ansari
42,11,2016,"January 14, 2017",Felicity Jones
42,10,2016,"December 17, 2016",Casey Affleck
42,9,2016,"December 10, 2016",John Cena
42,8,2016,"December 3, 2016",Emma Stone
42,7,2016,"November 19, 2016",Kristen Wiig
42,6,2016,"November 12, 2016",Dave Chappelle
42,5,2016,"November 5, 2016",Benedict Cumberbatch
42,4,2016,"October 22, 2016",Tom Hanks
42,2,2016,"October 8, 2016",Lin-Manuel Miranda
42,1,2016,"October 1, 2016",Margot Robbie
42,3,2016,"October 15, 2016",Emily Blunt
41,1,2015,"October 3, 2015",Miley Cyrus
39,1,2013,"September 28, 2013",Tina Fey
39,21,2013,"May 17, 2014",Andy Samberg
39,20,2013,"May 10, 2014",Charlize Theron
39,19,2013,"May 3, 2014",Andrew Garfield
37,22,2011,"May 19, 2012",Mick Jagger
37,21,2011,"May 12, 2012",Will Ferrell
37,20,2011,"May 5, 2012",Eli Manning
37,19,2011,"April 14, 2012",Josh Brolin
37,18,2011,"April 7, 2012",Sofia Vergara
37,17,2011,"March 10, 2012",Jonah Hill
36,22,2010,"May 21, 2011",Justin Timberlake
33,12,2007,"May 17, 2008",Steve Carell
33,11,2007,"May 10, 2008",Shia LaBeouf
33,10,2007,"April 12, 2008",Ashton Kutcher
33,9,2007,"April 5, 2008",Christopher Walken
33,8,2007,"March 15, 2008",Jonah Hill
33,7,2007,"March 8, 2008",Amy Adams
33,4,2007,"November 3, 2007",Brian Williams
33,5,2007,"February 23, 2008",Tina Fey
33,3,2007,"October 13, 2007",Jon Bon Jovi
33,1,2007,"September 29, 2007",LeBron James
33,2,2007,"October 6, 2007",Seth Rogen
33,6,2007,"March 1, 2008",Ellen Page
34,22,2008,"May 16, 2009",Will Ferrell
34,21,2008,"May 9, 2009",Justin Timberlake
34,20,2008,"April 11, 2009",Zac Efron
34,19,2008,"April 4, 2009",Seth Rogen
34,18,2008,"March 14, 2009",Tracy Morgan
34,17,2008,"March 7, 2009",Dwayne Johnson
34,16,2008,"February 14, 2009",Alec Baldwin
34,15,2008,"February 7, 2009",Bradley Cooper
34,14,2008,"January 31, 2009",Steve Martin
34,11,2008,"December 13, 2008",Hugh Laurie
34,12,2008,"January 10, 2009",Neil Patrick Harris
34,10,2008,"December 6, 2008",John Malkovich
34,13,2008,"January 17, 2009",Rosario Dawson
34,9,2008,"November 22, 2008",Tim McGraw
34,8,2008,"November 15, 2008",Paul Rudd
34,7,2008,"November 1, 2008",Ben Affleck
34,6,2008,"October 25, 2008",Jon Hamm
34,5,2008,"October 18, 2008",Josh Brolin
34,4,2008,"October 4, 2008",Anne Hathaway
34,3,2008,"September 27, 2008",Anna Faris
34,2,2008,"September 20, 2008",James Franco
34,1,2008,"September 13, 2008",Michael Phelps
35,21,2009,"May 8, 2010",Betty White
35,17,2009,"March 13, 2010",Jude Law
35,16,2009,"March 6, 2010",Zach Galifianakis
35,18,2009,"April 10, 2010",Tina Fey
35,19,2009,"April 17, 2010",Ryan Phillippe
35,20,2009,"April 24, 2010",Gabourey Sidibe
35,22,2009,"May 15, 2010",Alec Baldwin
35,15,2009,"February 27, 2010",Jennifer Lopez
35,14,2009,"February 6, 2010",Ashton Kutcher
35,13,2009,"January 30, 2010",Jon Hamm
35,12,2009,"January 16, 2010",Sigourney Weaver
35,11,2009,"January 9, 2010",Charles Barkley
35,10,2009,"December 19, 2009",James Franco
35,9,2009,"December 12, 2009",Taylor Lautner
35,8,2009,"December 5, 2009",Blake Lively
35,7,2009,"November 21, 2009",Joseph Gordon-Levitt
35,6,2009,"November 14, 2009",January Jones
35,5,2009,"November 7, 2009",Taylor Swift
35,4,2009,"October 17, 2009",Gerard Butler
35,3,2009,"October 10, 2009",Drew Barrymore
35,2,2009,"October 3, 2009",Ryan Reynolds
36,21,2010,"May 14, 2011",Ed Helms
35,1,2009,"September 26, 2009",Megan Fox
36,20,2010,"May 7, 2011",Tina Fey
36,19,2010,"April 9, 2011",Helen Mirren
36,18,2010,"April 2, 2011",Elton John
36,17,2010,"March 12, 2011",Zach Galifianakis
36,16,2010,"March 5, 2011",Miley Cyrus
36,15,2010,"February 12, 2011",Russell Brand
36,14,2010,"February 5, 2011",Dana Carvey
36,13,2010,"January 29, 2011",Jesse Eisenberg
36,12,2010,"January 15, 2011",Gwyneth Paltrow
36,11,2010,"January 8, 2011",Jim Carrey
36,10,2010,"December 18, 2010",Jeff Bridges
36,9,2010,"December 11, 2010",Paul Rudd
36,5,2010,"October 30, 2010",Jon Hamm
36,4,2010,"October 23, 2010",Emma Stone
36,6,2010,"November 13, 2010",Scarlett Johansson
36,7,2010,"November 20, 2010",Anne Hathaway
36,8,2010,"December 4, 2010",Robert DeNiro
36,1,2010,"September 25, 2010",Amy Poehler
36,3,2010,"October 9, 2010",Jane Lynch
36,2,2010,"October 2, 2010",Bryan Cranston
38,21,2012,"May 18, 2013",Ben Affleck
38,20,2012,"May 11, 2013",Kristen Wiig
38,19,2012,"May 4, 2013",Zach Galifianakis
38,18,2012,"April 13, 2013",Vince Vaughn
38,17,2012,"April 6, 2013",Melissa McCarthy
38,16,2012,"March 9, 2013",Justin Timberlake
38,15,2012,"March 2, 2013",Kevin Hart
38,8,2012,"November 17, 2012",Jeremy Renner
38,14,2012,"February 16, 2013",Christoph Waltz
38,7,2012,"November 10, 2012",Anne Hathaway
38,12,2012,"January 26, 2013",Adam Levine
38,11,2012,"January 19, 2013",Jennifer Lawrence
38,10,2012,"December 15, 2012",Martin Short
38,13,2012,"February 9, 2013",Justin Bieber
38,9,2012,"December 8, 2012",Jamie Foxx
38,6,2012,"November 3, 2012",Louis C.K.
38,5,2012,"October 20, 2012",Bruno Mars
38,4,2012,"October 13, 2012",Christina Applegate
38,3,2012,"October 6, 2012",Daniel Craig
38,2,2012,"September 22, 2012",Joseph Gordon-Levitt
38,1,2012,"September 15, 2012",Seth MacFarlane
37,16,2011,"March 3, 2012",Lindsay Lohan
37,15,2011,"February 18, 2012",Maya Rudolph
37,14,2011,"February 11, 2012",Zooey Deschanel
37,13,2011,"February 4, 2012",Channing Tatum
37,12,2011,"January 14, 2012",Daniel Radcliffe
37,8,2011,"December 3, 2011",Steve Buscemi
37,10,2011,"December 17, 2011",Jimmy Fallon
37,7,2011,"November 19, 2011",Jason Segel
37,11,2011,"January 7, 2012",Charles Barkley
37,9,2011,"December 10, 2011",Katy Perry
37,6,2011,"November 12, 2011",Emma Stone
37,5,2011,"November 5, 2011",Charlie Day
37,4,2011,"October 15, 2011",Anna Faris
37,3,2011,"October 8, 2011",Ben Stiller
37,2,2011,"October 1, 2011",Melissa McCarthy
37,1,2011,"September 24, 2011",Alec Baldwin
39,15,2013,"March 8, 2014",Lena Dunham
39,16,2013,"March 29, 2014",Louis C.K.
39,17,2013,"April 5, 2014",Anna Kendrick
39,18,2013,"April 12, 2014",Seth Rogen
39,14,2013,"March 1, 2014",Jim Parsons
39,13,2013,"February 1, 2014",Melissa McCarthy
39,10,2013,"December 21, 2013",Jimmy Fallon
39,12,2013,"January 25, 2014",Jonah Hill
39,11,2013,"January 18, 2014",Drake
39,9,2013,"December 14, 2013",John Goodman
39,8,2013,"December 7, 2013",Paul Rudd
39,7,2013,"November 23, 2013",Josh Hutcherson
39,6,2013,"November 16, 2013",Lady Gaga
39,5,2013,"November 2, 2013",Kerry Washington
39,3,2013,"October 12, 2013",Bruce Willis
39,2,2013,"October 5, 2013",Miley Cyrus
39,4,2013,"October 26, 2013",Edward Norton
40,21,2014,"May 16, 2015",Louis C.K.
40,20,2014,"May 9, 2015",Reese Witherspoon
40,19,2014,"May 2, 2015",Scarlett Johansson
40,18,2014,"April 11, 2015",Taraji P. Henson
40,17,2014,"April 4, 2015",Michael Keaton
40,16,2014,"March 28, 2015",Dwayne Johnson
40,15,2014,"March 7, 2015",Chris Hemsworth
40,14,2014,"February 28, 2015",Dakota Johnson
40,13,2014,"January 31, 2015",J.K. Simmons
40,12,2014,"January 24, 2015",Blake Shelton
40,11,2014,"January 17, 2015",Kevin Hart
40,10,2014,"December 20, 2014",Amy Adams
40,9,2014,"December 13, 2014",Martin Freeman
40,8,2014,"December 6, 2014",James Franco
40,7,2014,"November 22, 2014",Cameron Diaz
40,6,2014,"November 15, 2014",Woody Harrelson
40,5,2014,"November 1, 2014",Chris Rock
40,4,2014,"October 25, 2014",Jim Carrey
40,3,2014,"October 11, 2014",Bill Hader
40,1,2014,"September 27, 2014",Chris Pratt
40,2,2014,"October 4, 2014",Sarah Silverman
41,21,2015,"May 21, 2016",Fred Armisen
41,20,2015,"May 14, 2016",Drake
41,19,2015,"May 7, 2016",Brie Larson
41,18,2015,"April 16, 2016",Julia Louis-Dreyfus
41,17,2015,"April 9, 2016",Russell Crowe
41,16,2015,"April 2, 2016",Peter Dinklage
41,14,2015,"March 5, 2016",Jonah Hill
41,15,2015,"March 12, 2016",Ariana Grande
41,13,2015,"February 13, 2016",Melissa McCarthy
41,12,2015,"February 6, 2016",Larry David
41,10,2015,"January 16, 2016",Adam Driver
41,11,2015,"January 23, 2016",Ronda Rousey
41,4,2015,"November 7, 2015",Donald Trump
41,8,2015,"December 12, 2015",Chris Hemsworth
41,9,2015,"December 19, 2015","['Tina Fey', 'Amy Poehler']"
41,6,2015,"November 21, 2015",Matthew McConaughey
41,5,2015,"November 14, 2015",Elizabeth Banks
41,7,2015,"December 5, 2015",Ryan Gosling
41,3,2015,"October 17, 2015",Tracy Morgan
41,2,2015,"October 10, 2015",Amy Schumer
32,20,2006,"May 19, 2007",Zach Braff
31,19,2005,"May 20, 2006",Kevin Spacey
31,16,2005,"April 15, 2006",Lindsay Lohan
31,15,2005,"April 8, 2006",Antonio Banderas
31,14,2005,"March 11, 2006",Matt Dillon
31,17,2005,"May 6, 2006",Tom Hanks
31,18,2005,"May 13, 2006",Julia Louis-Dreyfus
31,13,2005,"March 4, 2006",Natalie Portman
31,12,2005,"February 4, 2006",Steve Martin
30,20,2004,"May 21, 2005",Lindsay Lohan
30,19,2004,"May 14, 2005",Will Ferrell
30,18,2004,"May 7, 2005",Johnny Knoxville
30,17,2004,"April 16, 2005",Tom Brady
30,16,2004,"April 9, 2005",Cameron Diaz
30,15,2004,"March 19, 2005",Ashton Kutcher
30,14,2004,"March 12, 2005",David Spade
30,13,2004,"February 19, 2005",Hilary Swank
30,10,2004,"January 22, 2005",Paul Giamatti
30,9,2004,"January 15, 2005",Topher Grace
30,12,2004,"February 12, 2005",Jason Bateman
30,11,2004,"February 5, 2005",Paris Hilton
30,8,2004,"December 18, 2004",Robert DeNiro
30,7,2004,"December 11, 2004",Colin Farrell
30,6,2004,"November 20, 2004",Luke Wilson
30,5,2004,"November 13, 2004",Liam Neeson
30,4,2004,"October 30, 2004",Kate Winslet
30,2,2004,"October 9, 2004",Queen Latifah
30,3,2004,"October 23, 2004",Jude Law
31,11,2005,"January 21, 2006",Peter Sarsgaard
30,1,2004,"October 2, 2004",Ben Affleck
31,10,2005,"January 14, 2006",Scarlett Johansson
31,9,2005,"December 17, 2005",Jack Black
31,8,2005,"December 10, 2005",Alec Baldwin
31,6,2005,"November 19, 2005",Eva Longoria
31,2,2005,"October 8, 2005",Jon Heder
31,5,2005,"November 12, 2005",Jason Lee
31,7,2005,"December 3, 2005",Dane Cook
31,4,2005,"October 29, 2005",Lance Armstrong
31,3,2005,"October 22, 2005",Catherine Zeta-Jones
32,19,2006,"May 12, 2007",Molly Shannon
31,1,2005,"October 1, 2005",Steve Carell
32,18,2006,"April 21, 2007",Scarlett Johansson
32,17,2006,"April 14, 2007",Shia LaBeouf
32,16,2006,"March 24, 2007",Peyton Manning
32,15,2006,"March 17, 2007",Julia Louis-Dreyfus
32,14,2006,"February 24, 2007",Rainn Wilson
32,13,2006,"February 10, 2007",Forest Whitaker
32,12,2006,"February 3, 2007",Drew Barrymore
32,11,2006,"January 20, 2007",Jeremy Piven
32,8,2006,"December 9, 2006",Annette Bening
32,9,2006,"December 16, 2006",Justin Timberlake
32,10,2006,"January 13, 2007",Jake Gyllenhaal
32,6,2006,"November 18, 2006",Ludacris
32,4,2006,"October 28, 2006",Hugh Laurie
32,7,2006,"December 2, 2006",Matthew Fox
32,5,2006,"November 11, 2006",Alec Baldwin
32,3,2006,"October 21, 2006",John C. Reilly
32,2,2006,"October 7, 2006",Jaime Pressly
32,1,2006,"September 30, 2006",Dane Cook
29,20,2003,"May 15, 2004","['Mary-Kate Olsen', 'Ashley Olsen']"
29,19,2003,"May 8, 2004",Snoop Dogg
28,20,2002,"May 17, 2003",Dan Aykroyd
28,19,2002,"May 10, 2003",Adrien Brody
28,18,2002,"May 3, 2003",Ashton Kutcher
28,17,2002,"April 12, 2003",Ray Romano
26,20,2000,"May 19, 2001",Christopher Walken
26,19,2000,"May 12, 2001",Lara Flynn Boyle
26,18,2000,"May 5, 2001",Pierce Brosnan
24,19,1998,"May 15, 1999",Sarah Michelle Gellar
23,20,1997,"May 9, 1998",David Duchovny
22,20,1996,"May 17, 1997",Jeff Goldblum
21,20,1995,"May 18, 1996",Jim Carrey
21,16,1995,"March 23, 1996",Phil Hartman
21,15,1995,"March 16, 1996",John Goodman
21,17,1995,"April 13, 1996",Steve Forbes
21,18,1995,"April 20, 1996",Teri Hatcher
21,19,1995,"May 11, 1996",Christine Baranski
21,14,1995,"February 24, 1996",Elle MacPherson
21,13,1995,"February 17, 1996",Tom Arnold
21,12,1995,"February 10, 1996",Danny Aiello
21,11,1995,"January 20, 1996",Alec Baldwin
21,10,1995,"January 13, 1996",Christopher Walken
21,9,1995,"December 16, 1995",Madeline Kahn
21,8,1995,"December 9, 1995",David Alan Grier
21,7,1995,"December 2, 1995",Anthony Edwards
21,6,1995,"November 18, 1995",Laura Leighton
21,5,1995,"November 11, 1995",Quentin Tarantino
21,3,1995,"October 21, 1995",David Schwimmer
21,2,1995,"October 7, 1995",Chevy Chase
22,18,1996,"April 19, 1997",Pamela Lee
22,17,1996,"April 12, 1997",Rob Lowe
22,19,1996,"May 10, 1997",John Goodman
21,1,1995,"September 30, 1995",Mariel Hemingway
21,4,1995,"October 28, 1995",Gabriel Byrne
22,16,1996,"March 22, 1997",Mike Myers
22,14,1996,"February 22, 1997",Alec Baldwin
22,15,1996,"March 15, 1997",Sting
22,13,1996,"February 15, 1997",Chevy Chase
22,12,1996,"February 8, 1997",Neve Campbell
22,11,1996,"January 18, 1997",David Alan Grier
22,10,1996,"January 11, 1997",Kevin Spacey
22,9,1996,"December 14, 1996",Rosie O'Donnell
22,8,1996,"December 7, 1996",Martin Short
22,7,1996,"November 23, 1996",Phil Hartman
22,6,1996,"November 16, 1996",Robert Downey Jr.
22,5,1996,"November 2, 1996",Chris Rock
22,4,1996,"October 26, 1996",Dana Carvey
22,2,1996,"October 5, 1996",Lisa Kudrow
22,1,1996,"September 28, 1996",Tom Hanks
22,3,1996,"October 19, 1996",Bill Pullman
23,19,1997,"May 2, 1998",Matthew Broderick
23,18,1997,"April 11, 1998",Greg Kinnear
23,17,1997,"April 4, 1998",Steve Buscemi
23,16,1997,"March 14, 1998",Julianne Moore
23,15,1997,"March 7, 1998",Scott Wolf
23,14,1997,"February 28, 1998",Garth Brooks
23,13,1997,"February 14, 1998",Roma Downey
23,12,1997,"February 7, 1998",John Goodman
23,11,1997,"January 17, 1998",Sarah Michelle Gellar
23,10,1997,"January 10, 1998",Samuel L. Jackson
23,6,1997,"November 15, 1997",Claire Danes
23,8,1997,"December 6, 1997",Nathan Lane
23,7,1997,"November 22, 1997",Rudy Giuliani
23,9,1997,"December 13, 1997",Helen Hunt
23,5,1997,"November 8, 1997",Jon Lovitz
23,4,1997,"October 25, 1997",Chris Farley
23,2,1997,"October 4, 1997",Matthew Perry
23,3,1997,"October 18, 1997",Brendan Fraser
23,1,1997,"September 27, 1997",Sylvester Stallone
24,18,1998,"May 8, 1999",Cuba Gooding Jr.
24,17,1998,"April 10, 1999",John Goodman
24,16,1998,"March 20, 1999",Drew Barrymore
24,15,1998,"March 13, 1999",Ray Romano
24,14,1998,"February 20, 1999",Bill Murray
24,11,1998,"January 16, 1999",James Van Der Beek
24,8,1998,"December 5, 1998",Vince Vaughn
24,9,1998,"December 12, 1998",Alec Baldwin
24,12,1998,"February 6, 1999",Gwyneth Paltrow
24,13,1998,"February 13, 1999",Brendan Fraser
24,10,1998,"January 9, 1999",Bill Paxton
24,7,1998,"November 21, 1998",Jennifer Love Hewitt
24,6,1998,"November 14, 1998",Joan Allen
24,5,1998,"November 7, 1998",David Spade
24,4,1998,"October 24, 1998",Ben Stiller
24,2,1998,"October 3, 1998",Kelsey Grammer
24,3,1998,"October 17, 1998",Lucy Lawless
24,1,1998,"September 26, 1998",Cameron Diaz
25,20,1999,"May 20, 2000",Jackie Chan
25,19,1999,"May 13, 2000",Britney Spears
25,18,1999,"May 6, 2000",John Goodman
25,17,1999,"April 15, 2000",Tobey Maguire
25,15,1999,"March 18, 2000",The Rock
25,13,1999,"February 19, 2000",Ben Affleck
25,14,1999,"March 11, 2000",Joshua Jackson
25,16,1999,"April 8, 2000",Christopher Walken
25,10,1999,"January 15, 2000",Freddie Prinze Jr.
25,12,1999,"February 12, 2000",Julianna Margulies
25,11,1999,"February 5, 2000",Alan Cumming
25,9,1999,"January 8, 2000",Jamie Foxx
25,8,1999,"December 11, 1999",Danny DeVito
25,7,1999,"December 4, 1999",Christina Ricci
25,6,1999,"November 20, 1999",Jennifer Aniston
25,5,1999,"November 13, 1999",Garth Brooks
26,16,2000,"April 7, 2001",Alec Baldwin
25,3,1999,"October 23, 1999",Norm MacDonald
25,1,1999,"October 2, 1999",Jerry Seinfeld
26,15,2000,"March 17, 2001",Julia Stiles
25,4,1999,"November 6, 1999",Dylan McDermott
26,17,2000,"April 14, 2001",Renee Zellweger
25,2,1999,"October 16, 1999",Heather Graham
26,14,2000,"March 10, 2001",Conan O'Brien
26,13,2000,"February 24, 2001",Katie Holmes
26,12,2000,"February 17, 2001",Sean Hayes
26,11,2000,"February 10, 2001",Jennifer Lopez
26,10,2000,"January 20, 2001",Mena Suvari
26,9,2000,"January 13, 2001",Charlie Sheen
26,8,2000,"December 16, 2000",Lucy Liu
26,7,2000,"December 9, 2000",Val Kilmer
26,6,2000,"November 18, 2000",Tom Green
26,5,2000,"November 11, 2000",Calista Flockhart
26,4,2000,"November 4, 2000",Charlize Theron
26,3,2000,"October 21, 2000",Dana Carvey
26,1,2000,"October 7, 2000",Rob Lowe
26,2,2000,"October 14, 2000",Kate Hudson
27,20,2001,"May 18, 2002",Winona Ryder
27,19,2001,"May 11, 2002",Kirsten Dunst
27,18,2001,"April 20, 2002",Alec Baldwin
27,17,2001,"April 13, 2002",The Rock
27,16,2001,"April 6, 2002",Cameron Diaz
27,15,2001,"March 16, 2002",Ian McKellen
27,14,2001,"March 9, 2002",Jon Stewart
27,13,2001,"March 2, 2002",Jonny Moseley
27,12,2001,"February 2, 2002",Britney Spears
27,11,2001,"January 19, 2002",Jack Black
27,9,2001,"December 15, 2001",Ellen DeGeneres
27,5,2001,"November 10, 2001",Gwyneth Paltrow
27,10,2001,"January 12, 2002",Josh Hartnett
27,8,2001,"December 8, 2001",Hugh Jackman
27,6,2001,"November 17, 2001",Billy Bob Thornton
27,3,2001,"October 13, 2001",Drew Barrymore
27,7,2001,"December 1, 2001",Derek Jeter
27,2,2001,"October 6, 2001",Seann William Scott
27,4,2001,"November 3, 2001",John Goodman
27,1,2001,"September 29, 2001",Reese Witherspoon
28,16,2002,"April 5, 2003",Bernie Mac
28,15,2002,"March 15, 2003",Salma Hayek
28,14,2002,"March 8, 2003",Queen Latifah
28,13,2002,"February 22, 2003",Christopher Walken
28,12,2002,"February 15, 2003",Jennifer Garner
28,11,2002,"February 8, 2003",Matthew McConaughey
28,10,2002,"January 18, 2003",Ray Liotta
28,8,2002,"December 14, 2002",Al Gore
28,7,2002,"December 7, 2002",Robert DeNiro
28,9,2002,"January 11, 2003",Jeff Gordon
28,6,2002,"November 16, 2002",Brittany Murphy
28,5,2002,"November 9, 2002",Nia Vardalos
28,4,2002,"November 2, 2002",Eric McCormack
28,3,2002,"October 19, 2002",Sen. John McCain
28,2,2002,"October 12, 2002",Sarah Michelle Gellar
28,1,2002,"October 5, 2002",Matt Damon
29,18,2003,"May 1, 2004",Lindsay Lohan
29,17,2003,"April 10, 2004",Janet Jackson
29,16,2003,"April 3, 2004",Donald Trump
29,15,2003,"March 13, 2004",Ben Affleck
29,14,2003,"March 6, 2004",Colin Firth
29,12,2003,"February 14, 2004",Drew Barrymore
29,13,2003,"February 21, 2004",Christina Aguilera
29,10,2003,"January 17, 2004","['Jessica Simpson', 'Nick Lachey']"
29,11,2003,"February 7, 2004",Megan Mullally
29,9,2003,"January 10, 2004",Jennifer Aniston
29,8,2003,"December 13, 2003",Elijah Wood
29,7,2003,"December 6, 2003",Al Sharpton
29,6,2003,"November 15, 2003",Alec Baldwin
29,3,2003,"October 18, 2003",Halle Berry
29,2,2003,"October 11, 2003",Justin Timberlake
29,1,2003,"October 4, 2003",Jack Black
29,4,2003,"November 1, 2003",Kelly Ripa
29,5,2003,"November 8, 2003",Andy Roddick
19,20,1993,"May 14, 1994",Heather Locklear
17,20,1991,"May 16, 1992",Woody Harrelson
18,20,1992,"May 15, 1993",Kevin Kline
17,18,1991,"April 18, 1992",Jerry Seinfeld
17,16,1991,"March 21, 1992",Mary Stuart Masterson
17,17,1991,"April 11, 1992",Sharon Stone
17,19,1991,"May 9, 1992",Tom Hanks
17,15,1991,"March 14, 1992",John Goodman
17,13,1991,"February 15, 1992",Jason Priestley
17,14,1991,"February 22, 1992","['Roseanne Arnold', 'Tom Arnold']"
16,20,1990,"May 18, 1991",George Wendt
16,19,1990,"May 11, 1991",Delta Burke
16,18,1990,"April 20, 1991",Steven Seagal
16,17,1990,"April 13, 1991",Catherine O'Hara
16,12,1990,"February 9, 1991",Kevin Bacon
16,10,1990,"January 12, 1991",Joe Mantegna
16,16,1990,"March 23, 1991",Jeremy Irons
16,13,1990,"February 16, 1991",Roseanne Barr
16,15,1990,"March 16, 1991",Michael J. Fox
16,14,1990,"February 23, 1991",Alec Baldwin
16,11,1990,"January 19, 1991",Sting
16,9,1990,"December 15, 1990",Dennis Quaid
16,8,1990,"December 8, 1990",Tom Hanks
16,7,1990,"December 1, 1990",John Goodman
16,6,1990,"November 17, 1990",Dennis Hopper
16,5,1990,"November 10, 1990",Jimmy Smits
16,4,1990,"October 27, 1990",Patrick Swayze
16,3,1990,"October 20, 1990",George Steinbrenner
16,2,1990,"October 6, 1990",Susan Lucci
16,1,1990,"September 29, 1990",Kyle MacLachlan
17,12,1991,"February 8, 1992",Susan Dey
17,8,1991,"December 7, 1991",Hammer
17,7,1991,"November 23, 1991",Macaulay Culkin
17,10,1991,"January 11, 1992",Rob Morrow
17,9,1991,"December 14, 1991",Steve Martin
17,11,1991,"January 18, 1992",Chevy Chase
17,6,1991,"November 16, 1991",Linda Hamilton
17,5,1991,"November 2, 1991",Kiefer Sutherland
17,4,1991,"October 26, 1991",Christian Slater
17,3,1991,"October 12, 1991",Kirstie Alley
17,2,1991,"October 5, 1991",Jeff Daniels
17,1,1991,"September 28, 1991",Michael Jordan
19,19,1993,"May 7, 1994",John Goodman
19,18,1993,"April 16, 1994",Emilio Estevez
19,17,1993,"April 9, 1994",Kelsey Grammer
19,16,1993,"March 19, 1994",Helen Hunt
19,15,1993,"March 12, 1994",Nancy Kerrigan
19,14,1993,"February 19, 1994",Martin Lawrence
19,11,1993,"January 15, 1994",Sara Gilbert
19,12,1993,"February 5, 1994",Patrick Stewart
19,10,1993,"January 8, 1994",Jason Patric
19,13,1993,"February 12, 1994","['Alec Baldwin', 'Kim Basinger']"
19,9,1993,"December 11, 1993",Sally Field
19,8,1993,"December 4, 1993",Charlton Heston
19,6,1993,"November 13, 1993",Rosie O'Donnell
19,7,1993,"November 20, 1993",Nicole Kidman
19,5,1993,"October 30, 1993",Christian Slater
19,4,1993,"October 23, 1993",John Malkovich
19,3,1993,"October 9, 1993",Jeff Goldblum
19,2,1993,"October 2, 1993",Shannen Doherty
19,1,1993,"September 25, 1993",Charles Barkley
18,19,1992,"May 8, 1993",Christina Applegate
18,18,1992,"April 17, 1993",Kirstie Alley
18,17,1992,"April 10, 1993",Jason Alexander
18,16,1992,"March 20, 1993",Miranda Richardson
18,12,1992,"February 6, 1993",Luke Perry
18,14,1992,"February 20, 1993",Bill Murray
18,10,1992,"January 9, 1993",Danny DeVito
18,11,1992,"January 16, 1993",Harvey Keitel
18,13,1992,"February 13, 1993",Alec Baldwin
18,15,1992,"March 13, 1993",John Goodman
18,9,1992,"December 12, 1992",Glenn Close
18,8,1992,"December 5, 1992",Tom Arnold
18,7,1992,"November 21, 1992",Sinbad
18,6,1992,"November 14, 1992",Michael Keaton
18,5,1992,"October 31, 1992",Catherine O'Hara
18,4,1992,"October 24, 1992",Christopher Walken
18,3,1992,"October 10, 1992",Joe Pesci
18,2,1992,"October 3, 1992",Tim Robbins
18,1,1992,"September 26, 1992",Nicolas Cage
20,20,1994,"May 13, 1995",David Duchovny
20,19,1994,"May 6, 1995",Bob Saget
20,18,1994,"April 15, 1995",Courteney Cox
20,17,1994,"April 8, 1995",Damon Wayans
20,16,1994,"March 25, 1995",John Goodman
20,15,1994,"March 18, 1995",Paul Reiser
20,14,1994,"February 25, 1995",George Clooney
20,13,1994,"February 18, 1995",Deion Sanders
20,11,1994,"January 21, 1995",David Hyde Pierce
20,12,1994,"February 11, 1995",Bob Newhart
20,6,1994,"November 19, 1994",John Turturro
20,10,1994,"January 14, 1995",Jeff Daniels
20,5,1994,"November 12, 1994",Sarah Jessica Parker
20,7,1994,"December 3, 1994",Roseanne
20,8,1994,"December 10, 1994",Alec Baldwin
20,9,1994,"December 17, 1994",George Foreman
20,4,1994,"October 22, 1994",Dana Carvey
20,3,1994,"October 15, 1994",John Travolta
20,2,1994,"October 1, 1994",Marisa Tomei
20,1,1994,"September 24, 1994",Steve Martin
15,20,1989,"May 19, 1990",Candice Bergen
14,20,1988,"May 20, 1989",Steve Martin
14,19,1988,"May 13, 1989",Wayne Gretzky
14,18,1988,"April 22, 1989",Geena Davis
14,17,1988,"April 15, 1989",Dolly Parton
13,13,1987,"February 27, 1988",Judge Reinhold
13,12,1987,"February 20, 1988",Tom Hanks
13,11,1987,"February 13, 1988",Justine Bateman
12,19,1986,"May 16, 1987",Garry Shandling
12,20,1986,"May 23, 1987",Dennis Hopper
12,18,1986,"May 9, 1987",Mark Harmon
12,17,1986,"April 18, 1987",John Larroquette
12,16,1986,"April 11, 1987",John Lithgow
11,18,1985,"May 24, 1986","['Anjelica Huston', 'Billy Martin']"
9,19,1983,"May 12, 1984","['Billy Crystal', 'Ed Koch', 'Edwin Newman', 'Father Guido Sarducci', 'Betty Thomas']"
9,18,1983,"May 5, 1984",Barry Bostwick
9,15,1983,"March 17, 1984",Billy Crystal
9,17,1983,"April 14, 1984",George McGovern
9,14,1983,"February 25, 1984",Edwin Newman
9,16,1983,"April 7, 1984",Michael Douglas
9,12,1983,"February 11, 1984",Robin Williams
9,13,1983,"February 18, 1984",Jamie Lee Curtis
9,11,1983,"January 28, 1984",Don Rickles
9,10,1983,"January 21, 1984","['Michael Palin', 'Mary Palin']"
9,9,1983,"January 14, 1984",Father Guido Sarducci
9,8,1983,"December 10, 1983",Flip Wilson
9,7,1983,"December 3, 1983","['Tom Smothers', 'Dick Smothers']"
9,6,1983,"November 19, 1983",Jerry Lewis
9,5,1983,"November 12, 1983",Teri Garr
9,4,1983,"November 5, 1983",Betty Thomas
9,3,1983,"October 22, 1983",John Candy
9,2,1983,"October 15, 1983","['Danny DeVito', 'Rhea Perlman']"
9,1,1983,"October 8, 1983",Brandon Tartikoff
11,17,1985,"May 17, 1986",Jimmy Breslin
11,16,1985,"May 10, 1986","['Catherine Oxenberg', 'Paul Simon']"
11,15,1985,"April 19, 1986",Tony Danza
11,14,1985,"April 12, 1986",Oprah Winfrey
11,13,1985,"March 22, 1986","['George Wendt', 'Francis Ford Coppola']"
11,12,1985,"March 15, 1986",Griffin Dunne
11,11,1985,"February 22, 1986",Jay Leno
11,10,1985,"February 15, 1986",Jerry Hall
11,9,1985,"February 8, 1986",Ron Reagan
11,8,1985,"January 25, 1986",Dudley Moore
11,7,1985,"January 18, 1986",Harry Dean Stanton
11,6,1985,"December 21, 1985",Teri Garr
11,5,1985,"December 14, 1985",Tom Hanks
11,4,1985,"December 7, 1985",John Lithgow
11,3,1985,"November 23, 1985",Pee-Wee Herman
10,14,1984,"February 16, 1985",Pamela Sue Martin
10,17,1984,"April 13, 1985",Howard Cosell
11,2,1985,"November 16, 1985",Chevy Chase
10,12,1984,"February 2, 1985",Alex Karras
10,16,1984,"April 6, 1985",Christopher Reeve
11,1,1985,"November 9, 1985",Madonna
10,13,1984,"February 9, 1985",Harry Anderson
10,15,1984,"March 30, 1985","['Mr. T', 'Hulk Hogan']"
10,11,1984,"January 19, 1985",Roy Scheider
10,10,1984,"January 12, 1985",Kathleen Turner
10,9,1984,"December 15, 1984",Eddie Murphy
10,8,1984,"December 8, 1984",Ringo Starr
10,7,1984,"December 1, 1984",Ed Begley Jr.
10,6,1984,"November 17, 1984",Ed Asner
10,5,1984,"November 10, 1984",George Carlin
10,4,1984,"November 3, 1984",Michael McKean
10,3,1984,"October 20, 1984",Jesse Jackson
10,2,1984,"October 13, 1984",Bob Uecker
12,14,1986,"March 21, 1987",Bill Murray
10,1,1984,"October 6, 1984",
12,15,1986,"March 28, 1987",Charlton Heston
12,13,1986,"February 28, 1987",Valerie Bertinelli
12,12,1986,"February 21, 1987",Willie Nelson
12,11,1986,"February 14, 1987",Bronson Pinchot
12,10,1986,"January 31, 1987",Paul Shaffer
12,9,1986,"January 24, 1987","['Joe Montana', 'Walter Payton']"
12,8,1986,"December 20, 1986",William Shatner
12,7,1986,"December 13, 1986",Steve Guttenberg
12,6,1986,"December 6, 1986","['Chevy Chase', 'Steve Martin', 'Martin Short']"
12,5,1986,"November 22, 1986",Robin Williams
12,4,1986,"November 15, 1986",Sam Kinison
12,3,1986,"November 8, 1986",Rosanna Arquette
12,2,1986,"October 18, 1986",Malcolm-Jamal Warner
12,1,1986,"October 11, 1986",Sigourney Weaver
13,10,1987,"January 30, 1988",Carl Weathers
13,9,1987,"January 23, 1988",Robin Williams
13,8,1987,"December 19, 1987",Paul Simon
13,7,1987,"December 12, 1987",Angie Dickinson
13,6,1987,"December 5, 1987",Danny DeVito
13,5,1987,"November 21, 1987",Candice Bergen
13,4,1987,"November 14, 1987",Robert Mitchum
13,3,1987,"October 31, 1987",Dabney Coleman
13,2,1987,"October 24, 1987",Sean Penn
13,1,1987,"October 17, 1987",Steve Martin
14,16,1988,"April 1, 1989",Mel Gibson
14,15,1988,"March 25, 1989",Mary Tyler Moore
14,14,1988,"February 25, 1989",Glenn Close
14,13,1988,"February 18, 1989",Leslie Nielsen
14,12,1988,"February 11, 1989",Ted Danson
14,11,1988,"January 28, 1989",Tony Danza
14,10,1988,"January 21, 1989",John Malkovich
14,9,1988,"December 17, 1988",Melanie Griffith
14,8,1988,"December 10, 1988",Kevin Kline
14,6,1988,"November 19, 1988",John Lithgow
14,7,1988,"December 3, 1988",Danny DeVito
14,5,1988,"November 12, 1988",Demi Moore
14,2,1988,"October 15, 1988",Matthew Broderick
14,4,1988,"November 5, 1988",Matthew Modine
14,3,1988,"October 22, 1988",John Larroquette
14,1,1988,"October 8, 1988",Tom Hanks
15,19,1989,"May 12, 1990",Andrew Dice Clay
15,18,1989,"April 21, 1990",Alec Baldwin
15,17,1989,"April 14, 1990",Corbin Bernsen
15,16,1989,"March 24, 1990",Debra Winger
15,15,1989,"March 17, 1990",Rob Lowe
15,14,1989,"February 24, 1990",Fred Savage
15,13,1989,"February 17, 1990",Tom Hanks
15,12,1989,"February 10, 1990",Quincy Jones
15,8,1989,"December 9, 1989",Robert Wagner
15,11,1989,"January 20, 1990",Christopher Walken
15,9,1989,"December 16, 1989",Andie MacDowell
15,7,1989,"December 2, 1989",John Goodman
15,10,1989,"January 13, 1990",Ed O'Neill
15,5,1989,"November 11, 1989",Chris Evert
15,6,1989,"November 18, 1989",Woody Harrelson
15,4,1989,"October 28, 1989",James Woods
15,2,1989,"October 7, 1989",Rick Moranis
15,3,1989,"October 21, 1989",Kathleen Turner
15,1,1989,"September 30, 1989",Bruce Willis
